{"cameraMode":{"drawMode":0,"name":"Shaded","section":"Shading Mode"},"sceneLighting":false,"audioPlay":false,"sceneViewState":{"showFog":true,"showMaterialUpdate":true,"showSkybox":false,"showFlares":true,"showImageEffects":true,"showParticleSystems":true},"in2DMode":false,"pivot":{"x":15.755587577819825,"y":-7.747010231018066,"z":4.3663330078125},"rotation":{"x":0.181791290640831,"y":0.5930848717689514,"z":-0.13967975974082948,"w":0.771832287311554},"size":9.358811378479004,"orthographic":false}